id,hanzi,simplified,pinyin,enUS,esES,exampleCN,examplePinyin,exampleES,hsk,tags
a91f3c2d4e01,感恩節,感恩节,gǎn’ēn jié,Thanksgiving (U.S. holiday),Acción de gracias,我們全家人一起過感恩節。,Wǒmen quánjiā rén yìqǐ guò Gǎn'ēnjié.,Toda nuestra familia celebra el Día de Acción de Gracias junta.,0,Book3_Lesson3
b02e4d5a6f12,嗨,嗨,hāi,Hi!,¡Hola!,嗨！好久不見，你最近好嗎？,"Hāi! Hǎojiǔ bújiàn, nǐ zuìjìn hǎo ma?","¡Hola! Tanto tiempo sin verte, ¿cómo has estado últimamente?",0,Book3_Lesson3
c13f6a7b8d23,過,过,guò,spend; celebrate (a holiday),pasar; celebrar (un festivo),你想怎麼過你的生日？,Nǐ xiǎng zěnme guò nǐ de shēngrì?,¿Cómo quieres pasar tu cumpleaños?,0,Book3_Lesson3
d24a7b8c9e34,趕快,赶快,gǎnkuài,hurry up; immediately,date prisa; inmediatamente,快下雨了，我們趕快回家吧。,"Kuài xiàyǔ le, wǒmen gǎnkuài huíjiā ba.","Va a llover pronto, apurémonos a casa.",0,Book3_Lesson3
e35b8c9d0f45,外國,外国,wàiguó,foreign country,país extranjero,他很喜歡去外國旅遊。,Tā hěn xǐhuān qù wàiguó lǚyóu.,A él le gusta mucho viajar a países extranjeros.,0,Book3_Lesson3
f46c9d0e1a56,熱鬧,热闹,rènào,lively; bustling,animado; bullicioso,過年的時候，街上非常熱鬧。,"Guònián de shíhòu, jiēshàng fēicháng rènào.","Durante el Año Nuevo, las calles están muy animadas.",0,Book3_Lesson3
0a57d0e1b267,可以,可以,kěyǐ,may; might,puede; podría,請問，我可以坐在這裡嗎？,"Qǐngwèn, wǒ kěyǐ zuò zài zhèlǐ ma?","Disculpe, ¿puedo sentarme aquí?",0,Book3_Lesson3
1b68e1f2c378,參加,参加,cānjiā,participate; take part in,participar,歡迎參加我們的活動。,Huānyíng cānjiā wǒmen de huódòng.,Bienvenido a participar en nuestras actividades.,0,Book3_Lesson3
2c79f2a3d489,菜,菜,cài,food; dish,plato; comida,這家餐廳的菜非常好吃。,Zhè jiā cāntīng de cài fēicháng hǎochī.,La comida de este restaurante es muy deliciosa.,0,Book3_Lesson3
3d8a03b4e59a,怕,怕,pà,to be afraid,temer; tener miedo,我很怕黑，不敢一個人睡覺。,"Wǒ hěn pà hēi, bù gǎn yígè rén shuìjiào.","Tengo mucho miedo a la oscuridad, no me atrevo a dormir solo.",0,Book3_Lesson3
4e9b14c5f6ab,來不及,来不及,lái bu jí,not have enough time,no llegar a tiempo,對不起，我來不及參加會議了。,"Duìbùqǐ, wǒ láibùjí cānjiā huìyì le.","Lo siento, no llego a tiempo para participar en la reunión.",0,Book3_Lesson3
5fab25d6a7bc,早,早,zǎo,early,temprano,現在不早了，我們該走了。,"Xiànzài bù zǎo le, wǒmen gāi zǒu le.","Ya no es temprano, deberíamos irnos.",0,Book3_Lesson3
6abc36e7b8cd,一點,一点,yìdiǎn,a bit; a little,un poco,請給我一點時間考慮一下。,Qǐng gěi wǒ yìdiǎn shíjiān kǎolǜ yíxià.,"Por favor, dame un poco de tiempo para pensarlo.",0,Book3_Lesson3
7bcd47f8c9de,幫忙,帮忙,bāngmáng,help; assist,ayudar,謝謝你幫忙我搬家。,Xièxiè nǐ bāngmáng wǒ bānjiā.,Gracias por ayudarme a mudarme.,0,Book3_Lesson3
8cde5809d0ef,這樣,这样,zhèyàng,in this way,de esta manera,你這樣做是不對的。,Nǐ zhèyàng zuò shì bú duì de.,Hacerlo de esta manera no es correcto.,0,Book3_Lesson3
9def691a1f01,建議,建议,jiànyì,suggestion,sugerencia,你有什麼好的建議嗎？,Nǐ yǒu shéme hǎo de jiànyì ma?,¿Tienes alguna buena sugerencia?,0,Book3_Lesson3
af017a2b2a12,烤,烤,kǎo,bake; roast,asar; hornear,我們晚上去吃烤肉吧。,Wǒmen wǎnshàng qù chī kǎoròu ba.,Vamos a comer carne asada (barbacoa) esta noche.,0,Book3_Lesson3
b1028b3c3b23,火雞,火鸡,huǒjī,turkey,pavo,感恩節一定要吃火雞。,Gǎn'ēnjié yídìng yào chī huǒjī.,En Acción de Gracias hay que comer pavo.,0,Book3_Lesson3
c2139c4d4c34,馬鈴薯泥,马铃薯泥,mǎlíngshǔ ní,mashed potatoes,puré de patatas,這份馬鈴薯泥味道很淡。,Zhè fèn mǎlíngshǔ ní wèidào hěn dàn.,Este puré de papas tiene un sabor muy suave.,0,Book3_Lesson3
d324ad5e5d45,沙拉,沙拉,shālā,salad,ensalada,我想點一份水果沙拉。,Wǒ xiǎng diǎn yífèn shuǐguǒ shālā.,Quiero pedir una ensalada de frutas.,0,Book3_Lesson3
e435be6f6e56,麵包,面包,miànbāo,bread; rolls,pan,早餐我通常吃麵包。,Zǎocān wǒ tōngcháng chī miànbāo.,Normalmente como pan para el desayuno.,0,Book3_Lesson3
f546cf707f67,甜點,甜点,tiándiǎn,dessert,postre,這家店的甜點很有名。,Zhè jiā diàn de tiándiǎn hěn yǒumíng.,Los postres de esta tienda son muy famosos.,0,Book3_Lesson3
0757d0818a78,南瓜派,南瓜派,nánguā pài,pumpkin pie,pastel de calabaza,南瓜派是感恩節必吃的甜點。,Nánguā pài shì Gǎn'ēnjié bì chī de tiándiǎn.,El pastel de calabaza es un postre imprescindible en Acción de Gracias.,0,Book3_Lesson3
1868e1929b89,好像,好像,hǎoxiàng,it seems that…,parece que…,今天好像要下雨了。,Jīntiān hǎoxiàng yào xiàyǔ le.,Parece que hoy va a llover.,0,Book3_Lesson3
2979f2a3ac9a,或是,或是,huòshì,or…,o bien…,你可以喝茶或是咖啡。,Nǐ kěyǐ hē chá huòshì kāfēi.,Puedes beber té o café.,0,Book3_Lesson3
3a8a03b4bdab,開心,开心,kāixīn,happy,feliz,見到你我很高興，真的很開心。,"Jiàndào nǐ wǒ hěn gāoxìng, zhēnde hěn kāixīn.","Me alegra mucho verte, estoy realmente feliz.",0,Book3_Lesson3
4b9b14c5cebc,晚,晚,wǎn,late,tarde,對不起，我來晚了。,"Duìbùqǐ, wǒ lái wǎn le.","Lo siento, he llegado tarde.",0,Book3_Lesson3
5c0c25d6dfcd,回家,回家,huí jiā,go home,volver a casa,我打算下班後直接回家。,Wǒ dǎsuàn xiàbān hòu zhíjiē huíjiā.,Planeo ir directo a casa después del trabajo.,0,Book3_Lesson3
6d1d36e7e0de,過節,过节,guò jié,spend/celebrate a holiday,celebrar una fiesta,你們家是怎麼過節的？,Nǐmen jiā shì zěnme guòjié de?,¿Cómo celebra las fiestas tu familia?,0,Book3_Lesson3
7e2e47f8f1ef,早一點,早一点,zǎo yìdiǎn,a bit early,un poco temprano,明天請早一點來學校。,Míngtiān qǐng zǎoyìdiǎn lái xuéxiào.,"Por favor, ven a la escuela un poco más temprano mañana.",0,Book3_Lesson3
8f3f580902f0,烤火雞,烤火鸡,kǎo huǒjī,roast turkey,pavo asado,烤火雞的味道非常香。,Kǎohuǒjī de wèidào fēicháng xiāng.,El olor del pavo asado es muy rico.,0,Book3_Lesson3
a11b2c3d4e01,同學,同学,tóngxué,classmate,compañero de clase,他們都是我的大學同學。,Tāmen dōu shì wǒ de dàxué tóngxué.,Todos ellos son mis compañeros de la universidad.,0,Book3_Lesson1
b22c3d4e5f12,大家,大家,dàjiā,everyone,todos,請大家安靜一下。,Qǐng dàjiā ānjìng yíxià.,"Por favor, que todo el mundo guarde silencio.",0,Book3_Lesson1
c33d4e5f6a23,學期,学期,xuéqí,academic term,semestre académico,這個學期我選了很多課。,Zhège xuéqī wǒ xuǎn le hěnduō kè.,Este semestre he elegido muchas clases.,0,Book3_Lesson1
d44e5f6a7b34,第,第,dì,ordinal prefix,prefijo ordinal,他是班上第一名。,Tā shì bānshàng dì yī míng.,Él es el primer puesto de la clase.,0,Book3_Lesson1
e55f6a7b8c45,度假,度假,dùjià,to take a vacation,ir de vacaciones,夏天我們去海邊度假。,Xiàtiān wǒmen qù hǎibiān dùjià.,En verano vamos a la playa de vacaciones.,0,Book3_Lesson1
f66a7b8c9d56,加班,加班,jiābān,work overtime,hacer horas extra,今天工作太多，我得加班。,"Jīntiān gōngzuò tài duō, wǒ děi jiābān.","Hoy hay demasiado trabajo, tengo que hacer horas extras.",0,Book3_Lesson1
0a77b8c9d0e67,好,好,hǎo,really; quite,muy; bastante,這是一個好主意。,Zhè shì yígè hǎo zhǔyì.,Esa es una buena idea.,0,Book3_Lesson1
1b88c9d0e1f78,辛苦,辛苦,xīnkǔ,arduous; hard,duro; agotador,你工作辛苦了，早點休息吧。,"Nǐ gōngzuò xīnkǔ le, zǎodiǎn xiūxí ba.","Te has esforzado mucho en el trabajo, descansa temprano.",0,Book3_Lesson1
2c99d0e1f2a89,啊,啊,a,exclamatory particle,partícula exclamativa,這朵花真漂亮啊！,Zhè duǒ huā zhēn piàoliang a!,¡Qué bonita es esta flor!,0,Book3_Lesson1
3daa01f2a3b9a,教室,教室,jiàoshì,classroom,aula,學生們都在教室裡上課。,Xuéshengmen dōu zài jiàoshì lǐ shàngkè.,Los estudiantes están en el aula en clase.,0,Book3_Lesson1
4ebb12a3b4ca,事,事,shì,matter; thing,asunto; cosa,你有什麼事要跟我說嗎？,Nǐ yǒu shéme shì yào gēn wǒ shuō ma?,¿Tienes algo que decirme?,0,Book3_Lesson1
5fcc23b4c5db,就,就,jiù,indeed; right away,precisamente; enseguida,我做完作業就去睡覺。,Wǒ zuò wán zuòyè jiù qù shuìjiào.,Me iré a dormir en cuanto termine los deberes.,0,Book3_Lesson1
6add34c5d6ec,以前,以前,yǐqián,before; previously,antes; anteriormente,我以前住在大陸。,Wǒ yǐqián zhù zài dàlù.,Antes vivía en China continental.,0,Book3_Lesson1
7bee45d6e7fd,換,换,huàn,change; switch,cambiar,我想換一個大一點的碼。,Wǒ xiǎng huàn yígè dà yìdiǎn de mǎ.,Quiero cambiarlo por una talla un poco más grande.,0,Book3_Lesson1
8cff56e7f80e,東部,东部,dōngbù,east (region),este (región),美國的東部有很多大城市。,Měiguó de dōngbù yǒu hěnduō dà chéngshì.,En el este de los Estados Unidos hay muchas ciudades grandes.,0,Book3_Lesson1
9d0067f8091f,繼續,继续,jìxù,continue,continuar,請繼續你的表演。,Qǐng jìxù nǐ de biǎoyǎn.,"Por favor, continúa con tu actuación.",0,Book3_Lesson1
ae1178091a20,平安,平安,píng’ān,safe; at peace,seguro; en paz,祝你一路平安。,Zhù nǐ yílù píng'ān.,Te deseo un viaje seguro.,0,Book3_Lesson1
bf22891a2b31,貿易,贸易,màoyì,trade (international),comercio,這家公司主要做國際貿易。,Zhè jiā gōngsī zhǔyào zuò guójì màoyì.,Esta empresa se dedica principalmente al comercio internacional.,0,Book3_Lesson1
c0339a2b3c42,興趣,兴趣,xìngqù,interest; hobby,interés; afición,我對中國歷史很有興趣。,Wǒ duì Zhōngguó lìshǐ hěn yǒu xìngqù.,Tengo mucho interés en la historia de China.,0,Book3_Lesson1
d144ab3c4d53,收集,收集,shōují,collect,coleccionar,他喜歡收集各種郵票。,Tā xǐhuān shōují gèzhǒng yóupiào.,Le gusta coleccionar todo tipo de sellos.,0,Book3_Lesson1
e255bc4d5e64,鳥,鸟,niǎo,bird,pájaro,樹上有幾隻小鳥在唱歌。,Shùshàng yǒu jǐ zhī xiǎoniǎo zài chànggē.,Hay unos pajaritos cantando en el árbol.,0,Book3_Lesson1
f366cd5e6f75,貓,猫,māo,cat,gato,我家養了一隻可愛的小貓。,Wǒ jiā yǎng le yì zhī kě'ài de xiǎomāo.,En mi casa tengo un gatito muy lindo.,0,Book3_Lesson1
0777de6f7086,照片,照片,zhàopiàn,photograph,fotografía,這張照片是我去年拍的。,Zhè zhāng zhàopiàn shì wǒ qùnián pāi de.,Esta foto la tomé el año pasado.,0,Book3_Lesson1
1888ef708197,敲門,敲门,qiāo mén,knock on a door,llamar a la puerta,有人在敲門，你去看看是誰。,"Yǒurén zài qiāomén, nǐ qù kànkan shì shéi.","Alguien está llamando a la puerta, ve a ver quién es.",0,Book3_Lesson1
2999008192a8,照相,照相,zhào xiàng,photography; take photos,fotografía,這裡風景很美，我想照張相。,"Zhèlǐ fēngjǐng hěn měi, wǒ xiǎng zhào zhāng xiàng.","El paisaje aquí es hermoso, quiero tomar una foto.",0,Book3_Lesson1
3aaa118293b9,林,林,Lín,surname Lin,apellido Lin,林先生在辦公室等你。,Lín xiānsheng zài bàngōngshì děng nǐ.,El Sr. Lin te está esperando en la oficina.,0,Book3_Lesson1
4bbb2293a4ca,墨西哥,墨西哥,Mòxīgē,Mexico,México,墨西哥菜通常有點辣。,Mòxīgē cài tōngcháng yǒudiǎn là.,La comida mexicana suele ser un poco picante.,0,Book3_Lesson1
5ccc33a4b5db,張家安,张家安,Zhāng Jiā’ān,Joann Zhang,Joann Zhang,張家安是我的好朋友。,Zhāng Jiā'ān shì wǒ de hǎo péngyǒu.,Zhang Jia'an es mi buen amigo.,0,Book3_Lesson1
a101b202c301,海邊,海边,hǎibiān,seashore; beach,costa; playa,週末我們去海邊散步吧。,Zhōumò wǒmen qù hǎibiān sànbù ba.,Vamos a pasear por la playa el fin de semana.,0,Book3_Lesson2
b202c303d402,風景,风景,fēngjǐng,scenery,paisaje,這裡的風景美得像畫一樣。,Zhèlǐ de fēngjǐng měi de xiàng huà yíyàng.,El paisaje aquí es tan hermoso como una pintura.,0,Book3_Lesson2
c303d404e503,次,次,cì,time(s); occurrence,vez; ocasión,這是我第一次來北京。,Zhè shì wǒ dì yī cì lái Běijīng.,Esta es la primera vez que vengo a Pekín.,0,Book3_Lesson2
d404e505f604,輕鬆,轻松,qīngsōng,relaxing,relajado,聽音樂讓我感到很輕鬆。,Tīng yīnyuè ràng wǒ gǎndào hěn qīngsōng.,Escuchar música me hace sentir muy relajado.,0,Book3_Lesson2
e505f606a705,坐,坐,zuò,take; ride,sentarse; tomar,我們坐公車去夜市吧。,Wǒmen zuò gōngchē qù yèshì ba.,Vayamos en autobús al mercado nocturno.,0,Book3_Lesson2
f606a707b806,船,船,chuán,boat,barco,我們坐船去那個小島。,Wǒmen zuò chuán qù nàge xiǎodǎo.,Vamos en barco a esa pequeña isla.,0,Book3_Lesson2
0707b808c907,潛水,潜水,qiánshuǐ,to dive,buzear,他在這裡學會了潛水。,Tā zài zhèlǐ xuéhuì le qiánshuǐ.,Él aprendió a bucear aquí.,0,Book3_Lesson2
1818c909d008,各,各,gè,each; every,cada,超市裡有各種類型的水果。,Chāoshì lǐ yǒu gèzhǒng lèixíng de shuǐguǒ.,En el supermercado hay diversos tipos de fruta.,0,Book3_Lesson2
2929d010e109,種,种,zhǒng,kind; type,tipo; clase,你喜歡哪種顏色的襯衫？,Nǐ xǐhuān nǎ zhǒng yánsè de chènshān?,¿Qué tipo de color de camisa te gusta?,0,Book3_Lesson2
3a3ae111f20a,容易,容易,róngyì,easy,fácil,這件事做起來並不容易。,Zhè jiàn shì zuò qǐlái bìng bù róngyì.,Esto no es nada fácil de hacer.,0,Book3_Lesson2
4b4bf212031b,教練,教练,jiàoliàn,coach; instructor,entrenador,籃球教練正在指導隊員。,Lánqiú jiàoliàn zhèngzài zhǐdǎo duìyuán.,El entrenador de baloncesto está dirigiendo a los jugadores.,0,Book3_Lesson2
5c5c0321342c,到處,到处,dàochù,everywhere,por todas partes,春天到了，到處都是鮮花。,"Chūntiān dào le, dàochù dōu shì xiānhuā.","Ha llegado la primavera, hay flores por todas partes.",0,Book3_Lesson2
6d6d1432453d,曬,晒,shài,sunbathe,tomar el sol,他在沙灘上曬太陽。,Tā zài shātān shàng shài tàiyáng.,Él está tomando el sol en la playa.,0,Book3_Lesson2
7e7e2543564e,旅館,旅馆,lǚguǎn,hotel,hotel,我們住在火車站附近的旅館。,Wǒmen zhù zài huǒchēzhàn fùjìn de lǚguǎn.,Nos quedamos en un hotel cerca de la estación de tren.,0,Book3_Lesson2
8f8f3654675f,美,美,měi,beautiful,bonito; hermoso,這裡的風景非常美。,Zhèlǐ de fēngjǐng fēicháng měi.,El paisaje aquí es muy hermoso.,0,Book3_Lesson2
909047657860,一邊,一边,yìbiān,on the one hand…,por un lado…,他喜歡一邊看報紙一邊吃早餐。,Tā xǐhuān yìbiān kàn bàozhǐ yìbiān chī zǎocān.,Le gusta leer el periódico mientras desayuna.,0,Book3_Lesson2
a1a158768971,天上,天上,tiānshàng,in the sky,en el cielo,天上有許多星星。,Tiānshàng yǒu xǔduō xīngxing.,Hay muchas estrellas en el cielo.,0,Book3_Lesson2
b2b269879a82,星星,星星,xīngxing,stars,estrellas,晚上的星星真亮啊。,Wǎnshàng de xīngxing zhēn liàng a.,Las estrellas de la noche brillan mucho.,0,Book3_Lesson2
c3c37a98ab93,心情,心情,xīnqíng,mood; frame of mind,estado de ánimo,今天我的心情非常好。,Jīntiān wǒ de xīnqíng fēicháng hǎohǎo.,Hoy mi estado de ánimo es muy bueno.,0,Book3_Lesson2
d4d48b9abc04,怎麼,怎么,zěnme,how,cómo,這件事你打算怎麼辦？,Zhè jiàn shì nǐ dǎsuàn zěnme bàn?,¿Qué piensas hacer con este asunto?,0,Book3_Lesson2
e5e59cabcd15,搭,搭,dā,take; ride,tomar (transporte),我可以搭你的車回家嗎？,Wǒ kěyǐ dā nǐ de chē huíjiā ma?,¿Puedo irme a casa en tu coche?,0,Book3_Lesson2
f6f6adbcde26,飛機,飞机,fēijī,airplane,avión,坐飛機去北京只要兩小時。,Zuò fēijī qù Běijīng zhǐyào liǎng xiǎoshí.,Ir a Pekín en avión solo toma dos horas.,0,Book3_Lesson2
0707becdef37,租,租,zū,rent,alquilar,我們在學校附近租了一個公寓。,Wǒmen zài xuéxiào fùjìn zū le yígè gōngyù.,Alquilamos un apartamento cerca de la escuela.,0,Book3_Lesson2
1818cfdef048,決定,决定,juédìng,decide,decidir,我已經決定去中國留學了。,Wǒ yǐjīng juédìng qù Zhōngguó liúxué le.,Ya he decidido ir a estudiar a China.,0,Book3_Lesson2
2929d0ef0159,有一天,有一天,yǒu yì tiān,one day,algún día,有一天，我一定會去環遊世界。,"Yǒu yì tiān, wǒ yídìng huì qù huányóu shìjiè.","Un día, sin duda, iré a viajar por todo el mundo.",0,Book3_Lesson2
3a3ae1f1026a,海裡,海里,hǎi lǐ,in the sea,en el mar,海裡有很多各種各樣的魚。,Hǎilǐ yǒu hěnduō gèzhǒng gèyàng de yú.,En el mar hay muchos tipos diferentes de peces.,0,Book3_Lesson2
4b4bf2f2137b,聽起來,听起来,tīng qǐlái,sounds,suena,這個主意聽起來很不錯。,Zhège zhǔyì tīng qǐlái hěn búcuò.,Esta idea suena muy bien.,0,Book3_Lesson2
5c5c03f3248c,看到,看到,kàndào,see; catch sight of,ver,我昨天在商場看到你了。,Wǒ zuótiān zài shāngchǎng kàndào nǐ le.,Ayer te vi en el centro comercial.,0,Book3_Lesson2
a401b502c601,派,派,pài,send; post,enviar,公司派我到上海工作。,Gōngsī pài wǒ dào Shànghǎi gōngzuò.,La empresa me envió a trabajar a Shanghái.,0,Book3_Lesson4
b502c603d702,還,还,hái,still,todavía,這本書我還沒看完。,Zhè běn shū wǒ hái méi kàn wán.,Aún no he terminado de leer este libro.,0,Book3_Lesson4
c603d704e803,記得,记得,jìde,remember,recordar,你還記得我的名字嗎？,Nǐ hái jìdé wǒ de míngzi ma?,¿Aún recuerdas mi nombre?,0,Book3_Lesson4
d704e805f904,哇,哇,wa,Wow!,¡Guau!,哇！這件衣服太漂亮了！,Wā! Zhè jiàn yīfú tài piàoliang le!,¡Guau! ¡Esta ropa es demasiado bonita!,0,Book3_Lesson4
e805f906a005,當然,当然,dāngrán,of course,por supuesto,你是我最好的朋友，我當然會幫你。,"Nǐ shì wǒ zuì hǎo de péngyǒu, wǒ dāngrán huì bāng nǐ.","Eres mi mejor amigo, por supuesto que te ayudaré.",0,Book3_Lesson4
f906a007b106,分公司,分公司,fēngōngsī,branch company,sucursal,我們公司在倫敦有個分公司。,Wǒmen gōngsī zài Lúndūn yǒu gè fāngōngsī.,Nuestra empresa tiene una sucursal en Londres.,0,Book3_Lesson4
0707b108c207,科技,科技,kējì,technology,tecnología,現代科技發展得非常快。,Xiàndài kējì fāzhǎn de fēicháng kuài.,La tecnología moderna se desarrolla muy rápido.,0,Book3_Lesson4
1818c209d308,對,对,duì,to; toward,a; hacia,我對這個計劃沒有意見。,Wǒ duì zhège jìhuà méiyǒu yìjiàn.,No tengo objeciones a este plan.,0,Book3_Lesson4
2929d30ae409,情形,情形,qíngxíng,situation,situación,你能告訴我當時的情形嗎？,Nǐ néng gàosù wǒ dāngshí de qíngxíng ma?,¿Puedes contarme la situación en ese momento?,0,Book3_Lesson4
3a3ae41bf50a,了解,了解,liǎojiě,understand,entender,我非常了解他的個性。,Wǒ fēicháng liǎojiě tā de gèxìng.,Conozco muy bien su personalidad.,0,Book3_Lesson4
4b4bf52c061b,至少,至少,zhìshǎo,at least,al menos,這項工作至少需要三天時間。,Zhè xiàng gōngzuò zhìshǎo xūyào sān tiān shíjiān.,Este trabajo requiere al menos tres días.,0,Book3_Lesson4
5c5c063d172c,知道,知道,zhīdào,know,saber,你知道他在哪裡工作嗎？,Nǐ zhīdào tā zài nǎlǐ gōngzuò ma?,¿Sabes dónde trabaja él?,0,Book3_Lesson4
6d6d174e283d,方面,方面,fāngmiàn,aspect,aspecto,他在各方面表現都很出色。,Tā zài gè fāngmiàn biǎoxiàn dōu hěn chūsè.,Él destaca en todos los aspectos.,0,Book3_Lesson4
7e7e285f394e,發展,发展,fāzhǎn,develop,desarrollar,這個城市的經濟發展很快。,Zhège chéngshì de jīngjì fāzhǎn hěn kuài.,El desarrollo económico de esta ciudad es muy rápido.,0,Book3_Lesson4
8f8f396g4a5f,相當,相当,xiāngdāng,considerably,bastante,這家餐廳的味道相當不錯。,Zhè jiā cāntīng de wèidào xiāngdāng búcuò.,El sabor de este restaurante es bastante bueno.,0,Book3_Lesson4
9090477h5b60,有名,有名,yǒumíng,famous; well-known,famoso,長城是中國最有名的古蹟之一。,Chángchéng shì Zhōngguó zuì yǒumíng de gǔjī zhī yī.,La Gran Muralla es uno de los monumentos más famosos de China.,0,Book3_Lesson4
a1a1588i6c71,合作,合作,hézuò,cooperate,cooperar,我們期待與您的公司合作。,Wǒmen qīidài yǔ nín de gōngsī hézuò.,Esperamos colaborar con su empresa.,0,Book3_Lesson4
b2b2699j7d82,產品,产品,chǎnpǐn,product,producto,我們公司主要生產電子產品。,Wǒmen gōngsī zhǔyào shēngchǎn diànzǐ chǎnpǐn.,Nuestra empresa produce principalmente productos electrónicos.,0,Book3_Lesson4
c3c37aak8e93,世界,世界,shìjiè,world,mundo,世界各國的人都應該互相尊重。,Shìjiè gèguó de rén dōu yīnggāi hùxiāng zūnzhòng.,La gente de todos los países del mundo debe respetarse mutuamente.,0,Book3_Lesson4
d4d48bbl9f04,以為,以为,yǐwéi,suppose; presume,suponer,我以為你已經回家了。,Wǒ yǐwéi nǐ yǐjīng huíjiā le.,Pensé que ya te habías ido a casa.,0,Book3_Lesson4
e5e59ccm0g15,一直,一直,yìzhí,consistently; all the way through,siempre; continuamente,我一直都很喜歡這首歌。,Wǒ yìzhí dōu hěn xǐhuān zhè shǒu gē.,Siempre me ha gustado esta canción.,0,Book3_Lesson4
f6f6addn1h26,經驗,经验,jīngyàn,experience,experiencia,他有很多年的工作經驗。,Tā yǒu hěnduō nián de gōngzuò jīngyàn.,Él tiene muchos años de experiencia laboral.,0,Book3_Lesson4
0707beeo2i37,未來,未来,wèilái,future,futuro,未來的世界會更加現代化。,Wèilái de shìjiè huì gèngjiā xiàndàihuà.,El mundo del futuro será aún más moderno.,0,Book3_Lesson4
1818cffp3j48,幫助,帮助,bāngzhù,help; assist,ayudar,謝謝你對我的幫助。,Xièxiè nǐ duì wǒ de bāngzhù.,Gracias por tu ayuda.,0,Book3_Lesson4
2929d0gq4k59,剛,刚,gāng,just,acabar de; justo,我剛到家，你就打電話來了。,"Wǒ gāng dào jiā, nǐ jiù dǎ diànhuà lái le.",Acababa de llegar a casa cuando llamaste.,0,Book3_Lesson4
3a3ae1hr5l6a,約,约,yuē,make an appointment; agree a date,concertar una cita,我和朋友約好明天去爬山。,Wǒ hé péngyǒu yuē hǎo míngtiān qù páshān.,Quedé con mis amigos para ir a la montaña mañana.,0,Book3_Lesson4
4b4bf2is6m7b,見面,见面,jiànmiàn,meet up (with someone),quedar; verse,我們在那家咖啡館見面吧。,Wǒmen zài nà jiā kāfēiguǎn jiànmiàn ba.,Reunámonos en esa cafetería.,0,Book3_Lesson4
a501b602c701,烏龍茶,乌龙茶,wūlóngchá,oolong tea,té oolong,烏龍茶是台灣的特產。,Wūlóngchá shì Táiwān de tèchǎn.,El té Oolong es una especialidad de Taiwán.,0,Book3_Lesson5
b602c703d802,香,香,xiāng,aromatic; fragrant,aromático,廚房傳來了很香的味道。,Chúfáng chuánlái le hěn xiāng de wèidào.,De la cocina llega un olor muy rico.,0,Book3_Lesson5
c703d804e903,後天,后天,hòutiān,the day after tomorrow,pasado mañana,明天不行，我們後天見吧。,"Míngtiān bùxíng, wǒmen hòutiān jiàn ba.","Mañana no puedo, nos vemos pasado mañana.",0,Book3_Lesson5
d804e905f004,聞,闻,wén,smell; sniff,oler,你聞聞這朵花，真香！,"Nǐ wénwen zhè duǒ huā, zhēn xiāng!","Huele esta flor, ¡qué bien huele!",0,Book3_Lesson5
e905f006a105,麻煩,麻烦,máfan,trouble; bother,molestar; dar problemas,這件事辦起來真麻煩。,Zhè jiàn shì bàn qǐlái zhēn máfan.,Es un verdadero lío hacer esto.,0,Book3_Lesson5
f006a107b206,味道,味道,wèidào,flavor; taste,sabor,這杯咖啡的味道很香醇。,Zhè bēi kāfēi de wèidào hěn xiāngchún.,El sabor de este café es muy aromático y puro.,0,Book3_Lesson5
0707b208c307,不同,不同,bùtóng,different,diferente,每個人都有不同的想法。,Měi gè rén dōu yǒu bùtóng de xiǎngfǎ.,Cada persona tiene ideas diferentes.,0,Book3_Lesson5
1818c309d408,濃,浓,nóng,thick; rich; concentrated,concentrado,我不喜歡喝太濃的咖啡。,Wǒ bù xǐhuān hē tài nóng de kāfēi.,No me gusta beber café demasiado cargado.,0,Book3_Lesson5
2929d40ae509,淡,淡,dàn,light; bland; diluted,suave; aguado,醫生建議他吃清淡一點。,Yīshēng jiànyì tā chī qīngdàn yìdiǎn.,El médico le recomendó comer un poco más ligero/insípido.,0,Book3_Lesson5
3a3ae51bf60a,選,选,xuǎn,choose; select,elegir,請在這些書中選一本你喜歡的。,Qǐng zài zhèxiē shū zhōng xuǎn yì běn nǐ xǐhuān de.,"Por favor, elige un libro que te guste de entre estos.",0,Book3_Lesson5
4b4bf62c071b,泡,泡,pào,steep; soak,infusionar,爸爸每天早上都會泡一壺茶。,Bàba měitiān zǎoshàng dūhuì pào yì hú chá.,Papá prepara una tetera de té cada mañana.,0,Book3_Lesson5
5c5c073d182c,華人,华人,Huárén,Chinese people (ethnic group),chinos (grupo étnico),世界上到處都有華人。,Shìjiè shàng dàochù dōu yǒu Huárén.,Hay chinos (etnia) en todas partes del mundo.,0,Book3_Lesson5
6d6d184e293d,習慣,习惯,xíguàn,habit; custom,hábito; costumbre,你要適應這裡的生活習慣。,Nǐ yào shìyìng zhèlǐ de shēnghuó xíguàn.,Tienes que adaptarte a los hábitos de vida de aquí.,0,Book3_Lesson5
7e7e295f3a4e,不用,不用,búyòng,no need to…,no hace falta,不用客氣，這是應該的。,"Búyòng kèqì, zhè shì yīnggāi de.","No hay de qué, es lo que hay que hacer.",0,Book3_Lesson5
8f8f3a6g4b5f,說明,说明,shuōmíng,explain,explicar,請詳細說明這台機器的用法。,Qǐng xiángxì shuōmíng zhè tái jīqì de yòngfǎ.,"Por favor, explique detalladamente cómo se usa esta máquina.",0,Book3_Lesson5
9090477h5c60,有趣,有趣,yǒuqù,interesting,interesante,這部電影非常有趣。,Zhè bù diànyǐng fēicháng yǒuqù.,Esta película es muy interesante.,0,Book3_Lesson5
a1a1588i6d71,品質,品质,pǐnzhí,quality,calidad,這家店的產品質量很有保證。,Zhè jiā diàn de chǎnpǐn zhìliàng hěn yǒu bǎozhèng.,La calidad de los productos de esta tienda está garantizada.,0,Book3_Lesson5
b2b2699j7e82,嗯,嗯,en,uh…; hmm…,eh…,嗯，我覺得你說得有道理。,"Ng, wǒ juéde nǐ shuō de yǒu dàolǐ.","Mmm, creo que tienes razón.",0,Book3_Lesson5
c3c37aak8f93,苦,苦,kǔ,bitter,amargo,藥雖然苦，但是對身體好。,"Yào suīrán kǔ, dànshì duì shēntǐ hǎo.","Aunque la medicina es amarga, es buena para el cuerpo.",0,Book3_Lesson5
d4d48bbl9g04,甜,甜,tián,sweet,dulce,這個西瓜非常甜。,Zhège xīguā fēicháng tián.,Esta sandía está muy dulce.,0,Book3_Lesson5
e5e59ccm0h15,特別,特别,tèbié,particular; special,especial,今天的晚餐很特別。,Jīntiān de wǎncān hěn tèbié.,La cena de hoy es muy especial.,0,Book3_Lesson5
f6f6addn1i26,要是,要是,yàoshì,if…,si…,要是明天下雨，我們就不去了。,"Yàoshì míngtiān xiàyǔ, wǒmen jiù bú qù le.","Si llueve mañana, no iremos.",0,Book3_Lesson5
0707beeo2j37,東方美人茶,东方美人茶,dōngfāng měirén chá,Dongfang Meiren tea,té Dongfang Meiren,東方美人茶的味道很獨特。,Dōngfāng měirén chá de wèidào hěn dútè.,El sabor del té Oriental Beauty es muy singular.,0,Book3_Lesson5
1818cffp3k48,喝茶,喝茶,hē chá,drink tea,beber té,喝茶對身體健康有好處。,Hēchá duì shēntǐ jiànkāng yǒu hǎochù.,Beber té es beneficioso para la salud.,0,Book3_Lesson5
a601b702c801,一切,一切,yíqiè,everything; all,todo,祝你一切順利。,Zhù nǐ yíqiè shùnlì.,Te deseo que todo te vaya bien.,0,Book3_Lesson6
b702c803d902,完,完,wán,complete; finish,terminar,我已經看完這部小說了。,Wǒ yǐjīng kàn wán zhè bù xiǎoshuō le.,Ya he terminado de leer esta novela.,0,Book3_Lesson6
c803d904e003,不過,不过,búguò,however,sin embargo,我很想去，不過我沒時間。,"Wǒ hěn xiǎng qù, búguò wǒ méi shíjiān.","Me gustaría mucho ir, pero no tengo tiempo.",0,Book3_Lesson6
d904e005f104,適應,适应,shìyìng,adapt; acclimate,adaptarse,我還沒適應這裡的天氣。,Wǒ hái méi shìyìng zhèlǐ de tiānqì.,Aún no me he adaptado al clima de aquí.,0,Book3_Lesson6
e005f106a205,壓力,压力,yālì,pressure,presión,現代人的生活壓力很大。,Xiàndài rén de shēnghuó yālì hěn dà.,El estrés de la vida moderna es muy grande.,0,Book3_Lesson6
f106a207b306,還好,还好,háihǎo,fortunately; not too bad,por suerte,雖然發生了意外，還好沒人受傷。,"Suīrán fāshēng le yìwài, háihǎo méirén shòushāng.","Aunque hubo un accidente, afortunadamente nadie resultó herido.",0,Book3_Lesson6
0707b308c407,熱心,热心,rèxīn,enthusiastic,entusiasta,王先生是一個很熱心的人。,Wáng xiānsheng shì yígè hěn rèxīn de rén.,El Sr. Wang es una persona muy entusiasta/servicial.,0,Book3_Lesson6
1818c409d508,願意,愿意,yuànyì,willing (to do something),estar dispuesto,你願意幫我一個忙嗎？,Nǐ yuànyì bāng wǒ yígè máng ma?,¿Estarías dispuesto a hacerme un favor?,0,Book3_Lesson6
2929d50ae609,懂,懂,dǒng,understand,entender,你聽懂老師說的話了嗎？,Nǐ tīngdǒng lǎoshī shuō de huà le ma?,¿Entendiste lo que dijo el profesor?,0,Book3_Lesson6
3a3ae61bf70a,資料,资料,zīliào,data; material,datos; material,請整理好面試需要的資料。,Qǐng zhěnglǐ hǎo miànshì xūyào de zīliào.,"Por favor, organiza el material necesario para la entrevista.",0,Book3_Lesson6
4b4bf72c081b,解決,解决,jiějué,solve,resolver,我們必須儘快解決這個問題。,Wǒmen bìxū jǐnkuài jiějué zhège wèntí.,Debemos resolver este problema lo antes posible.,0,Book3_Lesson6
5c5c083d192c,部門,部门,bùmén,department,departamento,他在銷售部門工作。,Tā zài xiāoshòu bùmén gōngzuò.,Él trabaja en el departamento de ventas.,0,Book3_Lesson6
6d6d194e2a3d,年輕,年轻,niánqīng,young,joven,年輕人應該多出去闖闖。,Niánqīngrén yīnggāi duō chūqù chuǎngchuǎng.,Los jóvenes deberían salir más a explorar el mundo.,0,Book3_Lesson6
7e7e2a5f3b4e,個性,个性,gèxìng,personality,personalidad,她的個性非常開朗。,Tā de gèxìng fēicháng kāilǎng.,Su personalidad es muy alegre/abierta.,0,Book3_Lesson6
8f8f3b6g4c5f,活潑,活泼,huópō,lively; vivacious,vivaz; animado,這孩子長得很活潑可愛。,Zhè háizi zhǎng de hěn huópō kě'ài.,Este niño es muy vivaz y lindo.,0,Book3_Lesson6
9090477h5d60,親切,亲切,qīnqiè,kind; nice,amable,這裡的服務員態度很親切。,Zhèlǐ de fúwùyuán tàidù hěn qīnqiè.,Los camareros aquí tienen una actitud muy amable/cercana.,0,Book3_Lesson6
a1a1588i6e71,相處,相处,xiāngchǔ,get along (with someone),llevarse bien,他和同事們相處得很愉快。,Tā hé tóngshìmen xiāngchǔ de hěn yúkuài.,Él se lleva muy bien con sus compañeros.,0,Book3_Lesson6
b2b2699j7f82,滿意,满意,mǎnyì,satisfy; satisfied,satisfecho,老闆對我的表現很滿意。,Lǎobǎn duì wǒ de biǎoxiàn hěn mǎnyì.,El jefe está muy satisfecho con mi desempeño.,0,Book3_Lesson6
c3c37aak8093,環境,环境,huánjìng,environment,entorno,我們應該保護自然環境。,Wǒmen yīnggāi bǎohù zìrán huánjìng.,Deberíamos proteger el medio ambiente natural.,0,Book3_Lesson6
d4d48bbl91a4,認真,认真,rènzhēn,earnest; serious,serio,他學習非常認真。,Tā xuéxí fēicháng rènzhēn.,Él estudia con mucha seriedad/esfuerzo.,0,Book3_Lesson6
e5e59ccm0ab5,互相,互相,hùxiāng,mutually; each other,mutuamente,鄰居之間應該互相幫助。,Línjū zhījiān yīnggāi hùxiāng bāngzhù.,Los vecinos deberían ayudarse mutuamente.,0,Book3_Lesson6
f6f6addn1bc6,得到,得到,dédào,get; obtain,obtener,他在比賽中得到了第一名。,Tā zài bǐsài zhōng dédào le dì yī míng.,Él obtuvo el primer puesto en la competencia.,0,Book3_Lesson6
0707beeo2cd7,相信,相信,xiāngxìn,believe; trust,creer; confiar,我相信你一定能做到。,Wǒ xiāngxìn nǐ yídìng néng zuòdào.,Creo que sin duda podrás hacerlo.,0,Book3_Lesson6
1818cffp3de8,好處,好处,hǎochù,advantage; benefit,ventaja,運動對身體有很多好處。,Yùndòng duì shēntǐ yǒu hěnduō hǎochù.,El deporte tiene muchos beneficios para el cuerpo.,0,Book3_Lesson6
2929d0gq4ef9,告訴,告诉,gàosù,tell; inform,decir; informar,你能告訴我他在哪裡嗎？,Nǐ néng gàosù wǒ tā zài nǎlǐ ma?,¿Puedes decirme dónde está él?,0,Book3_Lesson6
3a3ae1hr5f0a,照顧,照顾,zhàogù,take care of; look after,cuidar,請照顧好你自己。,Qǐng zhàogù hǎo nǐ zìjǐ.,"Por favor, cuídate bien.",0,Book3_Lesson6
4b4bf2is6g1b,放心,放心,fàngxīn,rest assured; be at ease,quedarse tranquilo,請放心，我會準時回來的。,"Qǐng fàngxīn, wǒ huì zhǔnshí huílái de.","Quédate tranquilo, volveré puntual.",0,Book3_Lesson6
5c5c03jt7h2c,沒做完,没做完,méi zuòwán,not finished,no terminado,我的作業還沒做完。,Wǒ de zuòyè hái méi zuò wán.,Aún no he terminado mis deberes.,0,Book3_Lesson6
6d6d14ku8i3d,聽不懂,听不懂,tīng bù dǒng,cannot understand (heard),no entender al oír,老師說得太快，我聽不懂。,"Lǎoshī shuō de tài kuài, wǒ tīng bù dǒng.","El profesor habla demasiado rápido, no entiendo.",0,Book3_Lesson6
7e7e25lv9j4e,看不懂,看不懂,kàn bù dǒng,cannot understand (read),no entender al leer,這封信是用法文寫的，我看不懂。,"Zhè fēng xìn shì yòng Fǎwén xiě de, wǒ kàn bù dǒng.","Esta carta está escrita en francés, no la entiendo.",0,Book3_Lesson6
8f8f36mw0k5f,有的,有的,yǒude,some (of),algunos,有的人喜歡吃辣，有的不喜歡。,"Yǒude rén xǐhuān chī là, yǒude bù xǐhuān.","A algunas personas les gusta el picante, a otras no.",0,Book3_Lesson6
9090477x1l60,好好地,好好地,hǎohāo de,properly; thoroughly,adecuadamente,你應該好好地跟他談一談。,Nǐ yīnggāi hǎohǎo de gēn tā tán yì tán.,Deberías hablar bien con él.,0,Book3_Lesson6
a1a1588y2m71,本,本,běn,measure word for books,clasificador (libros),這本書是我的。,Zhè běn shū shì wǒ de.,Este libro es mío.,0,Book3_Lesson6
b2b2699z3n82,慢,慢,màn,slow,lento,請走慢一點，我跟不上。,"Qǐng zǒu màn yìdiǎn, wǒ gēnbúshàng.","Por favor camina más despacio, no puedo seguirte el ritmo.",0,Book3_Lesson6
a701b802c901,出差,出差,chūchāi,take a business trip,viaje de negocios,下個禮拜我要去上海出差。,Xiàge lǐbài wǒ yào qù Shànghǎi chūchāi.,La semana que viene me voy de viaje de negocios a Shanghái.,0,Book3_Lesson7
b802c903d002,順便,顺便,shùnbiàn,casually; incidentally,de paso,你去超市的時候，順便幫我買瓶奶。,"Nǐ qù chāoshì de shíhòu, shùnbiàn bāng wǒ mǎi píng nǎi.","Cuando vayas al supermercado, cómprame una botella de leche de paso.",0,Book3_Lesson7
c903d004e103,親戚,亲戚,qīnqi,relatives,parientes,我家在台北有很多親戚。,Wǒ jiā zài Táiběi yǒu hěnduō qīnqī.,Mi familia tiene muchos parientes en Taipéi.,0,Book3_Lesson7
d004e105f204,談,谈,tán,discuss,hablar; discutir,我想跟你談談未來的事情。,Wǒ xiǎng gēn nǐ tántán wèilái de shìqíng.,Quiero hablar contigo sobre asuntos del futuro.,0,Book3_Lesson7
e105f206a305,順利,顺利,shùnlì,smoothly,sin problemas; sin contratiempos,面試過程非常順利。,Miànshì guòchéng fēicháng shùnlì.,El proceso de la entrevista fue muy exitoso/fluido.,0,Book3_Lesson7
f206a307b406,老闆,老板,lǎobǎn,boss; proprietor,jefe,我的老闆人很好，很客氣。,"Wǒ de lǎobǎn rén hěn hǎo, hěn kèqì.",Mi jefe es muy buena persona y muy amable.,0,Book3_Lesson7
0707b408c507,投資,投资,tóuzī,invest,invertir,他打算投資這家新公司。,Tā dǎsuàn tóuzī zhè jiā xīn gōngsī.,Él planeo invertir en esta nueva empresa.,0,Book3_Lesson7
1818c509d608,開,开,kāi,open,abrir,這家店是去年開的。,Zhè jiā diàn shì qùnián kāi de.,Esta tienda se abrió el año pasado.,0,Book3_Lesson7
2929d60ae709,句,句,jù,measure word for sentence,clasificador (frases),請用這個詞造一個句子。,Qǐng yòng zhège cí zào yígè jùzi.,"Por favor, haz una oración usando esta palabra.",0,Book3_Lesson7
3a3ae71bf80a,用,用,yòng,use,usar,我可以用你的筆嗎？,Wǒ kěyǐ yòng nǐ de bǐ ma?,¿Puedo usar tu bolígrafo?,0,Book3_Lesson7
4b4bf82c091b,溝通,沟通,gōutōng,communicate,comunicar,良好的溝通對團隊很重要。,Liánghǎo de gōutōng duì tuánduì hěn zhòngyào.,Una buena comunicación es muy importante para el equipo.,0,Book3_Lesson7
5c5c093d1a2c,阿姨,阿姨,āyí,aunt,tía,阿姨教我怎麼做炸雞。,Āyí jiāo wǒ zěnme zuò zhàjī.,Mi tía me enseña cómo hacer pollo frito.,0,Book3_Lesson7
6d6d1a4e2b3d,表妹,表妹,biǎomèi,younger female cousin,prima menor,我表妹長得很漂亮。,Wǒ biǎomèi zhǎng de hěn piàoliang.,Mi prima (hija de tía/tío materno) es muy guapa.,0,Book3_Lesson7
7e7e2b5f3c4e,火車,火车,huǒchē,train,tren,我們坐火車去花蓮玩。,Wǒmen zuò huǒchē qù Huālián wán.,Vamos en tren a Hualien de paseo.,0,Book3_Lesson7
8f8f3c6g4d5f,才,才,cái,merely; only,solo; apenas,他晚上十點才回家。,Tā wǎnshàng shí diǎn cái huíjiā.,Él no volvió a casa sino hasta las diez de la noche.,0,Book3_Lesson7
9090477h5e60,交通,交通,jiāotōng,transportation; traffic,transporte; tráfico,這裡的交通非常便利。,Zhèlǐ de jiāotōng fēicháng biànlì.,El transporte aquí es muy conveniente.,0,Book3_Lesson7
a1a1588i6f71,地鐵,地铁,dìtiě,subway; underground,metro,上海的地鐵很方便。,Shànghǎi de dìtiě hěn fāngbiàn.,El metro de Shanghái es muy conveniente.,0,Book3_Lesson7
b2b2699j7082,公車,公车,gōngchē,bus; coach,autobús,這班公車每十分鐘一班。,Zhè bān gōngchē měi shí fēnzhōng yì bān.,Este autobús pasa cada diez minutos.,0,Book3_Lesson7
c3c37aak8193,其他,其他,qítā,other,otro,除了這本書，你還有其他的嗎？,"Chúle zhè běn shū, nǐ háiyǒu qítā de ma?","Además de este libro, ¿tienes otros?",0,Book3_Lesson7
d4d48bbl92a4,文化,文化,wénhuà,culture,cultura,了解一個國家的文化很重要。,Liǎojiě yígè guójiā de wénhuà hěn zhòngyào.,Es muy importante comprender la cultura de un país.,0,Book3_Lesson7
e5e59ccm0bb5,請教,请教,qǐngjiào,consult; ask for advice,consultar; pedir consejo,我想向您請教一個問題。,Wǒ xiǎng xiàng nín qǐngjiào yígè wèntí.,Quisiera consultarle una duda.,0,Book3_Lesson7
f6f6addn1cc6,好玩,好玩,hǎowán,fun,divertido,迪士尼樂園很好玩。,Dísìní lèyuán hěn hǎowán.,Disneyland es muy divertido.,0,Book3_Lesson7
0707beeo2dd7,沒看到,没看到,méi kàndào,did not see,no ver,我沒看到你的手機在哪裡。,Wǒ méi kàndào nǐ de shǒujī zài nǎlǐ.,No he visto dónde está tu móvil.,0,Book3_Lesson7
1818cffp3ee8,談好了,谈好了,tán hǎo le,finished discussing,ya se habló,我們已經跟客戶談好了。,Wǒmen yǐjīng gēn kèhù tánhǎo le.,Ya hemos llegado a un acuerdo con el cliente.,0,Book3_Lesson7
2929d0gq4ff9,越來越,越来越,yuèláiyuè,more and more…,cada vez más,天氣越來越冷了。,Tiānqì yuèláiyuè lěng le.,El tiempo se está volviendo cada vez más frío.,0,Book3_Lesson7
3a3ae1hr5g0a,歐洲,欧洲,Ōuzhōu,Europe,Europa,他去歐洲旅遊了三個月。,Tā qù Ōuzhōu lǚyóu le sān gè yuè.,Él viajó por Europa durante tres meses.,0,Book3_Lesson7
4b4bf2is6h1b,德國,德国,Déguó,Germany,Alemania,德國的啤酒非常有名。,Déguó de píjiǔ fēicháng yǒumíng.,La cerveza alemana es muy famosa.,0,Book3_Lesson7
5c5c03jt7i2c,德文,德文,Déwén,German language,alemán,我大學的時候學過德文。,Wǒ dàxué de shíhòu xuéguò Déwén.,Estudié alemán cuando estaba en la universidad.,0,Book3_Lesson7
a801b902c001,錯,错,cuò,mistake; error,error,對不起，我打錯電話了。,"Duìbùqǐ, wǒ dǎcuò diànhuà le.","Lo siento, me he equivocado de número.",0,Book3_Lesson8
b902c003d102,心情,心情,xīnqíng,mood; frame of mind,estado de ánimo,今天我的心情非常好。,Jīntiān wǒ de xīnqíng fēicháng hǎohǎo.,Hoy mi estado de ánimo es muy bueno.,0,Book3_Lesson8
c003d104e203,被,被,bèi,passive verb marker,marcador pasivo,我的錢包被偷了。,Wǒ de qiánbāo bèi tōu le.,Me han robado la billetera.,0,Book3_Lesson8
d104e205f304,經理,经理,jīnglǐ,manager,gerente,經理正在開會。,Jīnglǐ zhèngzài kāihuì.,El gerente está en una reunión.,0,Book3_Lesson8
e205f306a405,罵,骂,mà,scold; criticize,reñir; regañar,他因為遲到被老師罵了。,Tā yīnwèi chídào bèi lǎoshī mà le.,El profesor le regañó por llegar tarde.,0,Book3_Lesson8
f306a407b506,發生,发生,fāshēng,occur; happen,ocurrir,剛才發生了什麼事？,Gāngcái fāshēng le shéme shì?,¿Qué acaba de pasar?,0,Book3_Lesson8
0707b508c607,唉,唉,āi,ugh; alas,ay…,唉，我忘了帶鑰匙了。,"Ài, wǒ wàng le dài yàoshi le.","Ay, olvidé traer las llaves.",0,Book3_Lesson8
1818c609d708,清楚,清楚,qīngchǔ,clear,claro,請大聲一點，我聽不清楚。,"Qǐng dàshēng yìdiǎn, wǒ tīng bù qīngchǔ.","Por favor, un poco más fuerte, no escucho con claridad.",0,Book3_Lesson8
2929d70ae809,合約,合约,héyuē,contract; agreement,contrato,請在合約上簽名。,Qǐng zài héyuē shàng qiānmíng.,"Por favor, firme el contrato.",0,Book3_Lesson8
3a3ae81bf90a,價錢,价钱,jiàqián,price,precio,這件衣服的價錢是多少？,Zhè jiàn yīfú de jiàqián shì duōshǎo?,¿Cuál es el precio de esta ropa?,0,Book3_Lesson8
4b4bf92c0a1b,問題,问题,wèntí,problem,problema,你有什麼問題可以問我。,Nǐ yǒu shéme wèntí kěyǐ wèn wǒ.,"Si tienes alguna pregunta, puedes consultarme.",0,Book3_Lesson8
5c5c0a3d1b2c,嚴重,严重,yánzhòng,severe,grave,他的病情非常嚴重。,Tā de bìngqíng fēicháng yánzhòng.,Su estado de salud es muy grave.,0,Book3_Lesson8
6d6d1b4e2c3d,發現,发现,fāxiàn,discover,descubrir,我發現他最近變得很努力。,Wǒ fāxiàn tā zuìjìn biàn de hěn nǔlì.,He descubierto que últimamente se esfuerza mucho.,0,Book3_Lesson8
7e7e2c5f3d4e,零,零,líng,zero,cero,現在的氣溫是零度。,Xiànzài de qìwēn shì líng dù.,La temperatura actual es de cero grados.,0,Book3_Lesson8
8f8f3d6g4e5f,生氣,生气,shēngqì,angry,enfadado,他因為我不守信用而生氣。,Tā yīnwèi wǒ bù shǒu xìnyòng ér shēngqì.,Él se enfadó porque no cumplí mi palabra.,0,Book3_Lesson8
9090477h5f60,頓,顿,dùn,measure word (verbal),clasificador (acciones),今天中午我吃了一頓大餐。,Jīntiān zhōngwǔ wǒ chī le yí dùn dàcān.,Hoy al mediodía comí un gran banquete.,0,Book3_Lesson8
a1a1588i6g71,感覺,感觉,gǎnjué,feeling,sensación,我感覺今天會發生好事。,Wǒ gǎnjué jīntiān huì fāshēng hǎoshì.,Siento que hoy pasará algo bueno.,0,Book3_Lesson8
b2b2699j7h82,讓,让,ràng,make; let; cause,hacer; permitir,媽媽不讓我去海邊玩。,Māma bú ràng wǒ qù hǎibiān wán.,Mamá no me deja ir a jugar a la playa.,0,Book3_Lesson8
c3c37aak8i93,難過,难过,nánguò,sad,triste,聽到這個壞消息，我很難過。,"Tīngdào zhège huài xiāoxī, wǒ hěn nánguò.",Me puse muy triste al escuchar estas malas noticias.,0,Book3_Lesson8
d4d48bbl9j04,小心,小心,xiǎoxīn,careful,ten cuidado,過馬路要小心。,Guò mǎlù yào xiǎoxīn.,Ten cuidado al cruzar la calle.,0,Book3_Lesson8
e5e59ccm0k15,別,别,bié,do not…,no (imperativo),別擔心，一切都會好的。,"Bié dānxīn, yíqiè dūhuì hǎo de.","No te preocupes, todo saldrá bien.",0,Book3_Lesson8
f6f6addn1l26,翻譯,翻译,fānyì,translate,traducir,你能幫我翻譯一下這段話嗎？,Nǐ néng bāng wǒ fānyì yíxià zhè duàn huà ma?,¿Puedes ayudarme a traducir este párrafo?,0,Book3_Lesson8
0707beeo2m37,份,份,fèn,measure word (documents),clasificador (documentos),請給我一份菜單。,Qǐng gěi wǒ yífèn càidān.,"Por favor, deme un menú.",0,Book3_Lesson8
1818cffp3n48,交,交,jiāo,hand in; submit,entregar,我已經把作業交給老師了。,Wǒ yǐjīng bǎ zuòyè jiāogěi lǎoshī le.,Ya le he entregado los deberes al profesor.,0,Book3_Lesson8
2929d0gq4o59,存,存,cún,save,guardar,我把文件存在電腦裡了。,Wǒ bǎ wénjiàn cún zài diànnǎo lǐ le.,He guardado el documento en la computadora.,0,Book3_Lesson8
3a3ae1hr5p6a,檔案,档案,dàng’àn,document; file,archivo,請幫我備份這些檔案。,Qǐng bāng wǒ bèifèn zhèxiē dàng'àn.,"Por favor, ayúdame a hacer una copia de seguridad de estos archivos.",0,Book3_Lesson8
4b4bf2is6q7b,檢查,检查,jiǎnchá,check; examine,revisar,出門前請檢查一下有沒有鎖門。,Chūmén qián qǐng jiǎnchá yíxià yǒu méiyǒu suǒmén.,"Antes de salir, por favor comprueba si has cerrado la puerta.",0,Book3_Lesson8
5c5c03jt7r8c,要不然,要不然,yàobùrán,otherwise,si no; de lo contrario,趕快走吧，要不然會遲到的。,"Gǎnkuài zǒu ba, yàobùrán huì chídào de.","Vámonos rápido, de lo contrario llegaremos tarde.",0,Book3_Lesson8
a901b002c101,活動,活动,huódòng,activity,actividad,週末你參加了什麼活動？,Zhōumò nǐ cānjiā le shéme huódòng?,¿En qué actividad participaste el fin de semana?,0,Book3_Lesson9
b002c103d202,書房,书房,shūfáng,study,despacho,爸爸正在書房看書。,Bàba zhèngzài shūfáng kànshū.,Papá está leyendo en el estudio.,0,Book3_Lesson9
c103d204e303,下來,下来,xiàlái,come down,bajar,請從樓上下來。,Qǐng cóng lóushàng xiàlái.,"Por favor, baja de arriba.",0,Book3_Lesson9
d204e305f404,整理,整理,zhěnglǐ,tidy up; arrange,ordenar,我需要整理一下房間。,Wǒ xūyào zhěnglǐ yíxià fángjiān.,Necesito ordenar mi habitación.,0,Book3_Lesson9
e305f406a505,上來,上来,shànglái,come up,subir,他在樓下等你，請你上來。,"Tā zài lóuxià děng nǐ, qǐng nǐ shànglái.","Él te espera abajo, por favor sube.",0,Book3_Lesson9
f406a507b606,打掃,打扫,dǎsǎo,clean up,limpiar,我們週末要大掃除。,Wǒmen zhōumò yào dàsǎochú.,Vamos a hacer una limpieza general el fin de semana.,0,Book3_Lesson9
0707b608c707,割草,割草,gēcǎo,mow the lawn,cortar el césped,爺爺正在院子裡割草。,Yéye zhèngzài yuànzi lǐ gēcǎo.,El abuelo está cortando el césped en el jardín.,0,Book3_Lesson9
1818c709d808,畫,画,huà,painting,pintura,這幅畫是誰畫的？,Zhè fú huà shì shéi huà de?,¿Quién pintó este cuadro?,0,Book3_Lesson9
2929d80ae909,拿,拿,ná,take,coger,請幫我把那本書拿過來。,Qǐng bāng wǒ bǎ nà běn shū ná guòlái.,"Por favor, pásame ese libro.",0,Book3_Lesson9
3a3ae91bf00a,擦,擦,cā,wipe,limpiar con trapo,請把桌子擦乾淨。,Qǐng bǎ zhuōzi cā gānjìng.,"Por favor, limpia la mesa.",0,Book3_Lesson9
4b4bf02c111b,院子,院子,yuànzi,courtyard; yard,patio,我家院子裡種了很多花。,Wǒjiā yuànzi lǐ zhòng le hěnduō huā.,En el jardín de mi casa hay plantadas muchas flores.,0,Book3_Lesson9
5c5c113d222c,烤肉,烤肉,kǎoròu,grill meat,barbacoa,我們今晚在院子裡烤肉。,Wǒmen jīnwǎn zài yuànzi lǐ kǎoròu.,Esta noche hacemos una barbacoa en el jardín.,0,Book3_Lesson9
6d6d224e333d,把,把,bǎ,definite object marker,marcador 把,請把門關上。,Qǐng bǎ mén guānshàng.,"Por favor, cierra la puerta.",0,Book3_Lesson9
7e7e335f444e,出去,出去,chūqù,go out,salir,我想出去透透氣。,Wǒ xiǎng chūqù tòutòuqì.,Quiero salir a tomar el aire.,0,Book3_Lesson9
8f8f446g555f,無聊,无聊,wúliáo,boring; tedious,aburrido,這部電影很無聊。,Zhè bù diànyǐng hěn wúliáo.,Esta película es muy aburrida.,0,Book3_Lesson9
9090477h6660,山,山,shān,mountain; hill,montaña,我家後面有一座山。,Wǒ jiā hòumiàn yǒu yí zuò shān.,Hay una montaña detrás de mi casa.,0,Book3_Lesson9
a1a1588i7771,爬,爬,pá,climb,escalar,他喜歡爬樹。,Tā xǐhuān pá shù.,A él le gusta trepar a los árboles.,0,Book3_Lesson9
b2b2699j8882,上去,上去,shàngqù,go up,subir,山太高了，我爬不上去。,"Shān tài gāo le, wǒ pá bú shàngqù.","La montaña es demasiado alta, no puedo subir.",0,Book3_Lesson9
c3c37aak9993,大概,大概,dàgài,probably; roughly,aproximadamente,大概要走十分鐘。,Dàgài yào zǒu shí fēnzhōng.,Toma unos diez minutos caminando aproximadamente.,0,Book3_Lesson9
d4d48bbl0aa4,棒球,棒球,bàngqiú,baseball,béisbol,棒球在台灣很受歡迎。,Bàngqiú zài Táiwān hěn shòu huānyíng.,El béisbol es muy popular en Taiwán.,0,Book3_Lesson9
e5e59ccm1bb5,比賽,比赛,bǐsài,competition; game,competición,這場足球比賽非常精彩。,Zhè chǎng zúqiú bǐsài fēicháng jīngcǎi.,Este partido de fútbol estuvo espectacular.,0,Book3_Lesson9
f6f6addn2cc6,下山,下山,xiàshān,go down a mountain,bajar la montaña,天黑了，我們趕快下山吧。,"Tiān hēi le, wǒmen gǎnkuài xiàshān ba.","Ya oscureció, bajemos de la montaña rápido.",0,Book3_Lesson9
0707beeo3dd7,安排,安排,ānpái,arrange,organizar,你對明天的行程有什麼安排？,Nǐ duì míngtiān de xíngchéng yǒu shéme ānpái?,¿Qué planes/organización tienes para el itinerario de mañana?,0,Book3_Lesson9
1818cffp4ee8,拿下來,拿下来,ná xiàlái,bring down,bajar algo,請把那個盒子拿下來。,Qǐng bǎ nàge hézi ná xiàlái.,"Por favor, baja esa caja.",0,Book3_Lesson9
2929d0gq5ff9,拿出去,拿出去,ná chūqù,take outside,sacar afuera,請把垃圾拿出去丟。,Qǐng bǎ lājī ná chūqù diū.,"Por favor, saca la basura.",0,Book3_Lesson9
3a3ae1hr6g0a,爬上去,爬上去,pá shàngqù,climb up,subir escalando,貓爬到了樹上，不敢爬下來。,"Māo pá dào le shùshàng, bù gǎn pá xiàlái.",El gato trepó al árbol y no se atreve a bajar.,0,Book3_Lesson9
4b4bf2is7h1b,走下來,走下来,zǒu xiàlái,go down,bajar andando,他慢慢從樓梯上走下來。,Tā mànmàn cóng lóutī shàng zǒuxiàlái.,Él bajó lentamente por las escaleras.,0,Book3_Lesson9
5c5c03jt8i2c,紐約,纽约,Niǔyuē,New York,Nueva York,紐約是一個非常繁華的城市。,Niǔyuē shì yígè fēicháng fánhuá de chéngshì.,Nueva York es una ciudad muy próspera.,0,Book3_Lesson9
6d6d14ku9j3d,垃圾,垃圾,lèsè,trash; garbage,basura,請不要隨地亂丟垃圾。,Qǐng búyào suídì luàn diū lājī.,"Por favor, no tire basura al suelo.",0,Book3_Lesson9
7e7e25lv0k4e,桌子,桌子,zhuōzi,table,mesa,請把這本書放在桌子上。,Qǐng bǎ zhè běn shū fàng zài zhuōzi shàng.,"Por favor, pon este libro sobre la mesa.",0,Book3_Lesson9
8f8f36mw1l5f,椅子,椅子,yǐzi,chair,silla,這裡有兩把椅子。,Zhèlǐ yǒu liǎng bǎ yǐzi.,Aquí hay dos sillas.,0,Book3_Lesson9
a801b902c201,進步,进步,jìnbù,make progress; improve,progresar; mejorar,你的漢語進步很大。,Nǐ de Hànyǔ jìnbù hěn dà.,Tu chino ha progresado mucho.,0,Book3_Lesson10
b902c003d212,結束,结束,jiéshù,conclude; end,terminar; concluir,電影已經結束了。,Diànyǐng yǐjīng jiéshù le.,La película ya ha terminado.,0,Book3_Lesson10
c003d104e223,最後,最后,zuìhòu,final; last,final; último,最後，他還是決定不去留學了。,"Zuìhòu, tā háishì juédìng bú qù liúxué le.","Finalmente, decidió no ir a estudiar al extranjero.",0,Book3_Lesson10
d104e205f234,考試,考试,kǎoshì,exam; take a test,examen,明天有一場數學考試。,Míngtiān yǒu yì chǎng shùxué kǎoshì.,Mañana hay un examen de matemáticas.,0,Book3_Lesson10
e205f306a245,考卷,考卷,kǎojuàn,test paper; test booklet,examen escrito,請把考卷交上來。,Qǐng bǎ kǎojuàn jiāo shànglái.,"Por favor, entreguen las hojas del examen.",0,Book3_Lesson10
f306a407b256,還,还,huán,return; give back,devolver,這本書我還沒看完。,Zhè běn shū wǒ hái méi kàn wán.,Aún no he terminado de leer este libro.,0,Book3_Lesson10
0707b508c267,仔細,仔细,zǐxì,careful; meticulous,cuidadoso; detallado,做題的時候要仔細一點。,Zuò tí de shíhòu yào zǐxì yìdiǎn.,Sé un poco más cuidadoso al hacer los ejercicios.,0,Book3_Lesson10
1818c609d278,緊張,紧张,jǐnzhāng,tense; nervous,nervioso,面試前我感到非常緊張。,Miànshì qián wǒ gǎndào fēicháng jǐnzhāng.,Me sentía muy nervioso antes de la entrevista.,0,Book3_Lesson10
2929d70ae289,用功,用功,yònggōng,hard-working; diligent,aplicado; trabajador,只要你用功學習，一定能考出好成績。,"Zhǐyào nǐ yònggōng xuéxí, yídìng néng kǎo chū hǎo chéngjī.","Mientras estudies con dedicación, sin duda sacarás buenas notas.",0,Book3_Lesson10
3a3ae81bf29a,聽力,听力,tīnglì,listening comprehension,comprensión auditiva,我的聽力比口語好。,Wǒ de tīnglì bǐ kǒuyǔ hǎo.,Mi comprensión auditiva es mejor que mi expresión oral.,0,Book3_Lesson10
4b4bf92c0aab,能力,能力,nénglì,ability; capability,capacidad,他的辦事能力很強。,Tā de bànshì nénglì hěn qiáng.,Su capacidad para resolver asuntos es muy fuerte.,0,Book3_Lesson10
5c5c0a3d1bbc,漢字,汉字,hànzì,Chinese characters,caracteres chinos,漢字雖然難寫，但是很有趣。,"Hànzì suīrán nán xiě, dànshì hěn yǒuqù.","Aunque los caracteres chinos son difíciles de escribir, son muy interesantes.",0,Book3_Lesson10
6d6d1b4e2ccd,流利,流利,liúlì,fluent,fluido,他能說一口流利的英語。,Tā néng shuō yì kǒu liúlì de Yīngyǔ.,Él puede hablar un inglés fluido.,0,Book3_Lesson10
7e7e2c5f3dde,更,更,gèng,even more; further,más,今天比昨天更冷。,Jīntiān bǐ zuótiān gèng lěng.,Hoy hace aún más frío que ayer.,0,Book3_Lesson10
8f8f3d6g4eef,句子,句子,jùzi,sentence,frase,請用這個詞造一個句子。,Qǐng yòng zhège cí zào yígè jùzi.,"Por favor, haz una oración usando esta palabra.",0,Book3_Lesson10
9090477h5ff0,作業,作业,zuòyè,homework,deberes,你做完作業了嗎？,Nǐ zuò wán zuòyè le ma?,¿Has terminado los deberes?,0,Book3_Lesson10
a1a1588i6g01,聲調,声调,shēngdiào,tone,tono,漢語的有四個聲調。,Hànyǔ de yǒu sì gè shēngdiào.,El chino tiene cuatro tonos.,0,Book3_Lesson10
b2b2699j7h12,正確,正确,zhèngquè,accurate; correct,correcto,你的回答非常正確。,Nǐ de huídá fēicháng zhèngquè.,Tu respuesta es muy correcta.,0,Book3_Lesson10
c3c37aak8i23,成績,成绩,chéngjī,grades; results,notas,他這次考試的成績很好。,Tā zhè cì kǎoshì de chéngjī hěn hǎo.,Su nota en este examen fue muy buena.,0,Book3_Lesson10
d4d48bbl9j34,學習,学习,xuéxí,learn; study,aprender; estudiar,學習是一輩子的事情。,Xuéxí shì yíbèizi de shìqíng.,Aprender es algo de toda la vida.,0,Book3_Lesson10
e5e59ccm0k45,不但,不但,búdàn,not only…,no solo…,他不不但會說漢語，還會說法語。,"Tā bú dàn huì shuō Hànyǔ, hái huì shuō Fǎyǔ.","Él no solo sabe hablar chino, sino que también sabe hablar francés.",0,Book3_Lesson10
f6f6addn1l56,而且,而且,érqiě,but also…,sino también…,這件衣服不但漂亮，而且很便宜。,"Zhè jiàn yīfú búdàn piàoliang, érqiě hěn piányí.","Esta ropa no solo es bonita, sino que además es muy barata.",0,Book3_Lesson10
0707beeo2m67,努力,努力,nǔlì,work hard; make effort,esforzarse,只要努力學習，就能取得好成績。,"Zhǐyào nǔlì xuéxí, jiù néng qǔdé hǎo chéngjī.","Siempre que estudies con esfuerzo, podrás obtener buenas notas.",0,Book3_Lesson10
1818cffp3n78,同意,同意,tóngyì,agree,estar de acuerdo,我同意你的看法。,Wǒ tóngyì nǐ de kànfǎ.,Estoy de acuerdo con tu punto de vista.,0,Book3_Lesson10
2929d0gq4o89,想法,想法,xiǎngfǎ,idea; way of thinking,idea,你有什麼好的想法嗎？,Nǐ yǒu shéme hǎo de xiǎngfǎ ma?,¿Tienes alguna buena idea/pensamiento?,0,Book3_Lesson10
3a3ae1hr5p9a,主管,主管,zhǔguǎn,supervisor,supervisor,他是我們部門的主管。,Tā shì wǒmen bùmén de zhǔguǎn.,Él es el supervisor/jefe de nuestro departamento.,0,Book3_Lesson10
4b4bf2is6qab,適合,适合,shìhé,be suitable; appropriate,adecuado,這份工作不適合你。,Zhè fèn gōngzuò bú shìhé nǐ.,Este trabajo no es adecuado para ti.,0,Book3_Lesson10
5c5c03jt7rbc,小吃,小吃,xiǎochī,snacks,tentempiés,台灣的小吃很有名。,Táiwān de xiǎochī hěn yǒumíng.,Los snacks/comida callejera de Taiwán son muy famosos.,0,Book3_Lesson10
6d6d14ku8scd,友善,友善,yǒushàn,kind; friendly,amable,這裡的人都非常友善。,Zhèlǐ de rén dōu fēicháng yǒushàn.,La gente de aquí es muy amigable.,0,Book3_Lesson10
7e7e25lv9tde,沒錯,没错,méicuò,that’s right; correct,correcto,沒錯，這就是我要找的東西。,"Méicuò, zhè jiùshì wǒ yào zhǎo de dōngxī.","Exacto, esto es justo lo que estaba buscando.",0,Book3_Lesson10
8f8f36mw0uef,外國人,外国人,wàiguó rén,foreigner,extranjero,學校裡有很多外國人。,Xuéxiào lǐ yǒu hěnduō wàiguórén.,Hay muchos extranjeros en la escuela.,0,Book3_Lesson10
9090477x1v00,放,放,fàng,put; place; let go,poner; soltar,請把書放回書架上。,Qǐng bǎ shū fàng huí shūjià shàng.,"Por favor, pon el libro de nuevo en la estantería.",0,Book3_Lesson10